{
  "properties": {
    "connectionReferences": {
      "shared_office365": {
        "runtimeSource": "invoker",
        "connection": {
          "connectionReferenceLogicalName": "crf80_sharedoffice365_44dbf"
        },
        "api": {
          "name": "shared_office365"
        }
      }
    },
    "definition": {
      "$schema": "https://schema.management.azure.com/providers/Microsoft.Logic/schemas/2016-06-01/workflowdefinition.json#",
      "contentVersion": "1.0.0.0",
      "parameters": {
        "$connections": {
          "defaultValue": {},
          "type": "Object"
        },
        "$authentication": {
          "defaultValue": {},
          "type": "SecureObject"
        }
      },
      "triggers": {
        "manual": {
          "metadata": {
            "operationMetadataId": "0f613f60-071c-4600-9447-04525b9ddb74"
          },
          "type": "Request",
          "kind": "PowerAppV2",
          "inputs": {
            "schema": {
              "type": "object",
              "properties": {
                "boolean": {
                  "title": "Concur / Non-concur",
                  "type": "boolean",
                  "x-ms-dynamically-added": true,
                  "description": "Please select yes or no",
                  "x-ms-content-hint": "BOOLEAN"
                },
                "text": {
                  "title": "Comments",
                  "type": "string",
                  "x-ms-dynamically-added": true,
                  "description": "Please enter your input",
                  "x-ms-content-hint": "TEXT"
                },
                "email": {
                  "title": "Requestor Email",
                  "type": "string",
                  "format": "email",
                  "x-ms-dynamically-added": true,
                  "description": "Please enter an e-mail address",
                  "x-ms-content-hint": "EMAIL"
                },
                "text_1": {
                  "title": "Request Name",
                  "type": "string",
                  "x-ms-dynamically-added": true,
                  "description": "Please enter your input",
                  "x-ms-content-hint": "TEXT"
                },
                "number": {
                  "title": "Step #",
                  "type": "number",
                  "x-ms-dynamically-added": true,
                  "description": "Please enter a number",
                  "x-ms-content-hint": "NUMBER"
                },
                "text_2": {
                  "title": "Approver Name",
                  "type": "string",
                  "x-ms-dynamically-added": true,
                  "description": "Please enter your input",
                  "x-ms-content-hint": "TEXT"
                }
              },
              "required": [
                "boolean",
                "text",
                "email",
                "text_1",
                "number",
                "text_2"
              ]
            }
          }
        }
      },
      "actions": {
        "Condition_-_Concur_or_Non-concur_": {
          "actions": {
            "Send_an_email_(V2)_-_Approved_Notification_": {
              "runAfter": {},
              "metadata": {
                "operationMetadataId": "ec271082-f62b-4d8e-a880-302006129d2e"
              },
              "type": "OpenApiConnection",
              "inputs": {
                "host": {
                  "connectionName": "shared_office365",
                  "operationId": "SendEmailV2",
                  "apiId": "/providers/Microsoft.PowerApps/apis/shared_office365"
                },
                "parameters": {
                  "emailMessage/To": "@triggerBody()['email']",
                  "emailMessage/Subject": "Review Complete: @{triggerBody()['text_1']}  [Step @{triggerBody()['number']}]",
                  "emailMessage/Body": "<p>Good Afternoon,<br>\n<br>\nThe staffing request below has been <strong>approved </strong>and is ready for further procesing:<br>\n<br>\n<strong>Title:</strong> @{triggerBody()['text_1']}<br>\n<strong>Approver: </strong>@{triggerBody()['text_2']}/<br>\n<strong>Step #:</strong>&nbsp;@{triggerBody()['number']}<br>\n<strong>Comments:</strong> @{if(empty(triggerBody()['text']), 'N/A', triggerBody()['text'])}<br>\n<br>\n[<a href=\"https://apps.gov.powerapps.us/play/3d6f5ae6-4004-4fcb-a96e-3b96f18b80f4?tenantId=ffeb3592-8979-4ec2-bd11-3f31f81c4134\">Link to Approval Portal</a>]&nbsp;</p>",
                  "emailMessage/Importance": "Normal"
                },
                "authentication": "@parameters('$authentication')"
              }
            }
          },
          "runAfter": {},
          "else": {
            "actions": {
              "Send_an_email_(V2)_-_Rejected_Notification__": {
                "runAfter": {},
                "metadata": {
                  "operationMetadataId": "ec271082-f62b-4d8e-a880-302006129d2e"
                },
                "type": "OpenApiConnection",
                "inputs": {
                  "host": {
                    "connectionName": "shared_office365",
                    "operationId": "SendEmailV2",
                    "apiId": "/providers/Microsoft.PowerApps/apis/shared_office365"
                  },
                  "parameters": {
                    "emailMessage/To": "@triggerBody()['email']",
                    "emailMessage/Subject": "Review Complete: @{triggerBody()['text_1']}  [Step @{triggerBody()['number']}]",
                    "emailMessage/Body": "<p>Good Afternoon,<br>\n<br>\nThe staffing request below has been <strong>rejected </strong>and is ready for further procesing:<br>\n<br>\n<strong>Title:</strong> @{triggerBody()['text_1']}<br>\n<strong>Approver: </strong>@{triggerBody()['text_2']}<br>\n<strong>Step #:</strong>&nbsp;@{triggerBody()['number']}<br>\n<strong>Comments: </strong>@{if(empty(triggerBody()['text']), 'N/A', triggerBody()['text'])}<br>\n<br>\n[<a href=\"https://apps.gov.powerapps.us/play/3d6f5ae6-4004-4fcb-a96e-3b96f18b80f4?tenantId=ffeb3592-8979-4ec2-bd11-3f31f81c4134\">Link to Approval Portal</a>]&nbsp;</p>",
                    "emailMessage/Importance": "Normal"
                  },
                  "authentication": "@parameters('$authentication')"
                }
              }
            }
          },
          "expression": {
            "equals": [
              "@triggerBody()['boolean']",
              "Yes"
            ]
          },
          "metadata": {
            "operationMetadataId": "da9b84d7-d0e7-47be-9c3e-aa3f37ef7499"
          },
          "type": "If"
        },
        "Flow_Failure_Email": {
          "runAfter": {
            "Condition_-_Is_Last_Step": [
              "Succeeded"
            ]
          },
          "metadata": {
            "operationMetadataId": "922c7202-afa0-4ccb-bd85-725e810811b5"
          },
          "type": "OpenApiConnection",
          "inputs": {
            "host": {
              "connectionName": "shared_office365",
              "operationId": "SendEmailV2",
              "apiId": "/providers/Microsoft.PowerApps/apis/shared_office365"
            },
            "parameters": {
              "emailMessage/To": "@triggerBody()['email']",
              "emailMessage/Subject": "Flow Failure: Review Completed - Notify Requestor [v1]",
              "emailMessage/Body": "<p>The approval review flow below has failed: <br>\n<br>\n@{triggerBody()['text_1']}<br>\n<br>\n[Cloud Flow Activity Link]</p>",
              "emailMessage/Importance": "Normal"
            },
            "authentication": "@parameters('$authentication')"
          }
        },
        "Condition_-_Is_Last_Step": {
          "actions": {},
          "runAfter": {
            "Condition_-_Concur_or_Non-concur_": [
              "Succeeded"
            ]
          },
          "expression": {
            "equals": [
              "@triggerBody()['text']",
              "@triggerBody()['text']"
            ]
          },
          "metadata": {
            "operationMetadataId": "b846cb84-78e4-4501-be55-f976cee50d8d"
          },
          "type": "If"
        }
      },
      "outputs": {}
    },
    "templateName": ""
  },
  "schemaVersion": "1.0.0.0"
}