<ImportExportXml version="9.2.22101.174" SolutionPackageVersion="9.2" languagecode="1033" generatedBy="CrmLive" xmlns:xsi="http://www.w3.org/2001/XMLSchema-instance">
  <SolutionManifest>
    <UniqueName>ExportComponents49786ef997bf44368052b2b7907c201c</UniqueName>
    <LocalizedNames>
      <LocalizedName description="ExportComponents49786ef997bf44368052b2b7907c201c" languagecode="1033" />
    </LocalizedNames>
    <Descriptions />
    <Version>1.0</Version>
    <Managed>0</Managed>
    <Publisher>
      <UniqueName>Crd966e</UniqueName>
      <LocalizedNames>
        <LocalizedName description="CDS Default Publisher" languagecode="1033" />
      </LocalizedNames>
      <Descriptions />
      <EMailAddress xsi:nil="true"></EMailAddress>
      <SupportingWebsiteUrl xsi:nil="true"></SupportingWebsiteUrl>
      <CustomizationPrefix>crf80</CustomizationPrefix>
      <CustomizationOptionValuePrefix>44949</CustomizationOptionValuePrefix>
    </Publisher>
    <RootComponents>
      <RootComponent type="1" schemaName="aaduser" behavior="0" />
      <RootComponent type="1" schemaName="appusersetting" behavior="2" />
      <RootComponent type="1" schemaName="bot" behavior="2" />
      <RootComponent type="1" schemaName="crf80_approvalrequest" behavior="0" />
      <RootComponent type="1" schemaName="crf80_documentapproval" behavior="0" />
      <RootComponent type="1" schemaName="crf80_documentlists" behavior="0" />
      <RootComponent type="1" schemaName="crf80_requestlifecycle" behavior="0" />
      <RootComponent type="1" schemaName="systemuser" behavior="0" />
      <RootComponent type="29" id="{87f20e64-fe64-ed11-9562-001dd830aa11}" behavior="0" />
      <RootComponent type="300" schemaName="crf80_approvalrequesttracker_e5b1a" behavior="0" />
    </RootComponents>
    <MissingDependencies>
      <MissingDependency>
        <Required type="1" schemaName="aaduser" displayName="AAD User" solution="MetadataExtension (1.0.2.23)" />
        <Dependent type="1" schemaName="aaduser" displayName="AAD User" />
      </MissingDependency>
      <MissingDependency>
        <Required type="1" schemaName="aaduser" displayName="AAD User" solution="MetadataExtension (1.0.2.23)" />
        <Dependent type="10" schemaName="crf80_crf80_approvalrequest_OnBehalfOf_Name_aad" displayName="crf80_crf80_approvalrequest_OnBehalfOf_Name_aad" parentSchemaName="aaduser" parentDisplayName="AAD User" />
      </MissingDependency>
      <MissingDependency>
        <Required type="1" schemaName="aaduser" displayName="AAD User" solution="MetadataExtension (1.0.2.23)" />
        <Dependent type="300" schemaName="crf80_approvalrequesttracker_e5b1a" displayName="Approval Request Tracker" />
      </MissingDependency>
      <MissingDependency>
        <Required type="1" schemaName="appusersetting" displayName="Model-Driven App User Setting" solution="AppModule (9.1.22073.220708001)" />
        <Dependent type="1" schemaName="appusersetting" displayName="Model-Driven App User Setting" />
      </MissingDependency>
      <MissingDependency>
        <Required type="1" schemaName="appusersetting" displayName="Model-Driven App User Setting" solution="AppModule (9.1.22073.220708001)" />
        <Dependent type="10" schemaName="systemuser_appusersetting_userId" displayName="systemuser_appusersetting_userId" parentSchemaName="systemuser" parentDisplayName="User" />
      </MissingDependency>
      <MissingDependency>
        <Required type="1" schemaName="bot" displayName="Chatbot" solution="PowerVirtualAgents (2.0.0.338)" />
        <Dependent type="1" schemaName="bot" displayName="Chatbot" />
      </MissingDependency>
      <MissingDependency>
        <Required type="1" schemaName="bot" displayName="Chatbot" solution="PowerVirtualAgents (2.0.0.338)" />
        <Dependent type="10" schemaName="systemuser_bot_publishedby" displayName="systemuser_bot_publishedby" parentSchemaName="systemuser" parentDisplayName="User" />
      </MissingDependency>
      <MissingDependency>
        <Required type="10" schemaName="systemuser_appusersetting_userId" displayName="systemuser_appusersetting_userId" parentSchemaName="systemuser" parentDisplayName="User" solution="AppModule (9.1.22073.220708001)" />
        <Dependent type="10" schemaName="systemuser_appusersetting_userId" displayName="systemuser_appusersetting_userId" parentSchemaName="systemuser" parentDisplayName="User" />
      </MissingDependency>
      <MissingDependency>
        <Required type="10" schemaName="systemuser_bot_publishedby" displayName="systemuser_bot_publishedby" parentSchemaName="systemuser" parentDisplayName="User" solution="PowerVirtualAgents (2.0.0.338)" />
        <Dependent type="10" schemaName="systemuser_bot_publishedby" displayName="systemuser_bot_publishedby" parentSchemaName="systemuser" parentDisplayName="User" />
      </MissingDependency>
      <MissingDependency>
        <Required type="2" schemaName="aaduserid" displayName="AAD user id" parentSchemaName="aaduser" parentDisplayName="AAD User" solution="MetadataExtension (1.0.2.23)" />
        <Dependent type="10" schemaName="crf80_crf80_approvalrequest_OnBehalfOf_Name_aad" displayName="crf80_crf80_approvalrequest_OnBehalfOf_Name_aad" parentSchemaName="aaduser" parentDisplayName="AAD User" />
      </MissingDependency>
      <MissingDependency>
        <Required type="2" schemaName="displayname" displayName="Display Name" parentSchemaName="aaduser" parentDisplayName="AAD User" solution="MetadataExtension (1.0.2.23)" />
        <Dependent type="10" schemaName="crf80_crf80_approvalrequest_OnBehalfOf_Name_aad" displayName="crf80_crf80_approvalrequest_OnBehalfOf_Name_aad" parentSchemaName="aaduser" parentDisplayName="AAD User" />
      </MissingDependency>
      <MissingDependency>
        <Required type="2" schemaName="userid" displayName="User" parentSchemaName="appusersetting" parentDisplayName="Model-Driven App User Setting" solution="AppModule (9.1.22073.220708001)" />
        <Dependent type="10" schemaName="systemuser_appusersetting_userId" displayName="systemuser_appusersetting_userId" parentSchemaName="systemuser" parentDisplayName="User" />
      </MissingDependency>
      <MissingDependency>
        <Required type="2" schemaName="userid" displayName="User" parentSchemaName="appusersetting" parentDisplayName="Model-Driven App User Setting" solution="AppModule (9.1.22073.220708001)" />
        <Dependent type="2" schemaName="userid" displayName="User" parentSchemaName="appusersetting" parentDisplayName="Model-Driven App User Setting" />
      </MissingDependency>
      <MissingDependency>
        <Required type="2" schemaName="publishedby" displayName="Published By" parentSchemaName="bot" parentDisplayName="Chatbot" solution="PowerVirtualAgents (2.0.0.338)" />
        <Dependent type="10" schemaName="systemuser_bot_publishedby" displayName="systemuser_bot_publishedby" parentSchemaName="systemuser" parentDisplayName="User" />
      </MissingDependency>
      <MissingDependency>
        <Required type="2" schemaName="publishedby" displayName="Published By" parentSchemaName="bot" parentDisplayName="Chatbot" solution="PowerVirtualAgents (2.0.0.338)" />
        <Dependent type="2" schemaName="publishedby" displayName="Published By" parentSchemaName="bot" parentDisplayName="Chatbot" />
      </MissingDependency>
    </MissingDependencies>
  </SolutionManifest>
</ImportExportXml>