{
  "properties": {
    "connectionReferences": {
      "shared_office365": {
        "runtimeSource": "invoker",
        "connection": {
          "connectionReferenceLogicalName": "crf80_sharedoffice365_44dbf"
        },
        "api": {
          "name": "shared_office365"
        }
      },
      "shared_office365users": {
        "runtimeSource": "invoker",
        "connection": {
          "connectionReferenceLogicalName": "crf80_sharedoffice365users_df05b"
        },
        "api": {
          "name": "shared_office365users"
        }
      }
    },
    "definition": {
      "$schema": "https://schema.management.azure.com/providers/Microsoft.Logic/schemas/2016-06-01/workflowdefinition.json#",
      "contentVersion": "1.0.0.0",
      "parameters": {
        "$connections": {
          "defaultValue": {},
          "type": "Object"
        },
        "$authentication": {
          "defaultValue": {},
          "type": "SecureObject"
        }
      },
      "triggers": {
        "manual": {
          "metadata": {
            "operationMetadataId": "e9df42a0-ccf3-4137-aa54-561087bc49f6"
          },
          "type": "Request",
          "kind": "PowerAppV2",
          "inputs": {
            "schema": {
              "type": "object",
              "properties": {
                "email": {
                  "title": "Approver Email ",
                  "type": "string",
                  "format": "email",
                  "x-ms-dynamically-added": true,
                  "description": "Please enter an e-mail address",
                  "x-ms-content-hint": "EMAIL"
                },
                "text": {
                  "title": "Approval Request Title ",
                  "type": "string",
                  "x-ms-dynamically-added": true,
                  "description": "Please enter your input",
                  "x-ms-content-hint": "TEXT"
                },
                "date": {
                  "title": "Suspense ",
                  "type": "string",
                  "format": "date",
                  "x-ms-dynamically-added": true,
                  "description": "Please enter or select a date (YYYY-MM-DD)",
                  "x-ms-content-hint": "DATE"
                },
                "email_1": {
                  "title": "Requestor Email ",
                  "type": "string",
                  "format": "email",
                  "x-ms-dynamically-added": true,
                  "description": "Please enter an e-mail address",
                  "x-ms-content-hint": "EMAIL"
                },
                "email_2": {
                  "title": "Behalf of Email",
                  "type": "string",
                  "format": "email",
                  "x-ms-dynamically-added": true,
                  "description": "Please enter an e-mail address",
                  "x-ms-content-hint": "EMAIL"
                },
                "boolean": {
                  "title": "Behalf of",
                  "type": "boolean",
                  "x-ms-dynamically-added": true,
                  "description": "Please select yes or no",
                  "x-ms-content-hint": "BOOLEAN"
                },
                "text_4": {
                  "title": "Folder Link",
                  "type": "string",
                  "x-ms-dynamically-added": true,
                  "description": "Please enter your input",
                  "x-ms-content-hint": "TEXT"
                }
              },
              "required": [
                "email",
                "text",
                "date",
                "email_1",
                "email_2",
                "boolean",
                "text_4"
              ]
            }
          }
        }
      },
      "actions": {
        "Condition_-_Behalf_of_(yes_or_no)_": {
          "actions": {
            "Send_an_email_(V2)_-_Notify_Approver_(On_behalf_of)_": {
              "runAfter": {},
              "metadata": {
                "operationMetadataId": "c3c820f3-06e1-4705-bb24-b10e72e47446"
              },
              "type": "OpenApiConnection",
              "inputs": {
                "host": {
                  "connectionName": "shared_office365",
                  "operationId": "SendEmailV2",
                  "apiId": "/providers/Microsoft.PowerApps/apis/shared_office365"
                },
                "parameters": {
                  "emailMessage/To": "@triggerBody()['email']",
                  "emailMessage/Subject": "Staffing Request: @{triggerBody()['text']} [@{formatDateTime(utcNow(), 'ddd dd MMM')}]",
                  "emailMessage/Body": "<p>Good Afternoon ,<br>\n<br>\nThe Staffing request below is ready for your review:<br>\n<br>\n<strong>Title</strong>: @{triggerBody()['text']}<br>\n<strong>Document(s) Link</strong>: @{triggerBody()['text_4']}<br>\n<br>\n<strong>Suspense</strong>: @{formatDateTime(addDays(triggerBody()['date'],5), 'ddd dd MMM')}<br>\n<strong>POC</strong>: @{outputs('Get_user_profile_(V2)_-_Requestor_Name')?['body/displayName']} / @{triggerBody()['email_1']}<br>\n<strong>On behalf of</strong>: @{outputs('Get_user_profile_(V2)_-_Behalf_of_Name')?['body/displayName']} / @{triggerBody()['email_2']}<br>\n<br>\n<br>\nPlease select this link (<a href=\"https://apps.gov.powerapps.us/play/3d6f5ae6-4004-4fcb-a96e-3b96f18b80f4?tenantId=ffeb3592-8979-4ec2-bd11-3f31f81c4134\">Approval Portal Link</a>) to review the request.<br>\n<br>\nThank you,<br>\n<br>\nv/r<br>\n<br>\n[***<strong>This is an automated message</strong>***]<br>\n<br>\n</p>",
                  "emailMessage/Cc": "@triggerBody()['email_1']",
                  "emailMessage/Importance": "Normal"
                },
                "authentication": "@parameters('$authentication')"
              }
            }
          },
          "runAfter": {
            "Get_user_profile_(V2)_-_Behalf_of_Name": [
              "Succeeded"
            ]
          },
          "else": {
            "actions": {
              "Send_an_email_(V2)_-_Solo_": {
                "runAfter": {},
                "metadata": {
                  "operationMetadataId": "c3c820f3-06e1-4705-bb24-b10e72e47446"
                },
                "type": "OpenApiConnection",
                "inputs": {
                  "host": {
                    "connectionName": "shared_office365",
                    "operationId": "SendEmailV2",
                    "apiId": "/providers/Microsoft.PowerApps/apis/shared_office365"
                  },
                  "parameters": {
                    "emailMessage/To": "@triggerBody()['email']",
                    "emailMessage/Subject": "Staffing Request: @{triggerBody()['text']} [@{formatDateTime(utcNow(), 'ddd dd MMM')}]",
                    "emailMessage/Body": "<p>Good Afternoon ,<br>\n<br>\nThe Staffing request below is ready for your review:<br>\n<br>\n<strong>Title</strong>: @{triggerBody()['text']}<br>\n<strong>Document(s) Link</strong>: @{triggerBody()['text_4']}<br>\n<br>\n<strong>Suspense</strong>: @{formatDateTime(addDays(triggerBody()['date'],5), 'ddd dd MMM')}<br>\n<strong>POC</strong>: @{outputs('Get_user_profile_(V2)_-_Requestor_Name')?['body/displayName']} / @{triggerBody()['email_1']}<br>\n<br>\n<br>\n<br>\nPlease select this link (<a href=\"https://apps.gov.powerapps.us/play/3d6f5ae6-4004-4fcb-a96e-3b96f18b80f4?tenantId=ffeb3592-8979-4ec2-bd11-3f31f81c4134\">Approval Portal Link</a>) to review the request.<br>\n<br>\nThank you,<br>\n<br>\nv/r<br>\n<br>\n<br>\n[***<strong>This is an automated message</strong>***]<br>\n</p>",
                    "emailMessage/Cc": "@triggerBody()['email_1']",
                    "emailMessage/Importance": "Normal"
                  },
                  "authentication": "@parameters('$authentication')"
                }
              }
            }
          },
          "expression": {
            "equals": [
              "@triggerBody()['boolean']",
              "Yes"
            ]
          },
          "metadata": {
            "operationMetadataId": "2a1d33cd-a182-4402-b3d3-3374291c0d62"
          },
          "type": "If"
        },
        "Flow_Failure_Email": {
          "runAfter": {
            "Condition_-_Behalf_of_(yes_or_no)_": [
              "Failed",
              "Skipped",
              "TimedOut"
            ]
          },
          "metadata": {
            "operationMetadataId": "b445ff16-1c99-4685-a0d7-2092ebb29368"
          },
          "type": "OpenApiConnection",
          "inputs": {
            "host": {
              "connectionName": "shared_office365",
              "operationId": "SendEmailV2",
              "apiId": "/providers/Microsoft.PowerApps/apis/shared_office365"
            },
            "parameters": {
              "emailMessage/To": "@triggerBody()['email_1']",
              "emailMessage/Subject": "Flow Failure - Document Approval App [@{triggerBody()['text']} / @{formatDateTime(utcNow(), 'ddd dd MMM')}",
              "emailMessage/Body": "<p>The ETP flow below has <strong>failed</strong>:<br>\n<br>\n</p>",
              "emailMessage/Importance": "Normal"
            },
            "authentication": "@parameters('$authentication')"
          }
        },
        "Get_user_profile_(V2)_-_Requestor_Name": {
          "runAfter": {},
          "metadata": {
            "operationMetadataId": "3ae4c3b0-6b9e-4155-9099-fe8162b7e7f0"
          },
          "type": "OpenApiConnection",
          "inputs": {
            "host": {
              "connectionName": "shared_office365users",
              "operationId": "UserProfile_V2",
              "apiId": "/providers/Microsoft.PowerApps/apis/shared_office365users"
            },
            "parameters": {
              "id": "@triggerBody()['email_1']"
            },
            "authentication": "@parameters('$authentication')"
          }
        },
        "Get_user_profile_(V2)_-_Behalf_of_Name": {
          "runAfter": {
            "Get_user_profile_(V2)_-_Requestor_Name": [
              "Succeeded"
            ]
          },
          "metadata": {
            "operationMetadataId": "8932ec8d-ff5b-499a-b022-95f7db542b79"
          },
          "type": "OpenApiConnection",
          "inputs": {
            "host": {
              "connectionName": "shared_office365users",
              "operationId": "UserProfile_V2",
              "apiId": "/providers/Microsoft.PowerApps/apis/shared_office365users"
            },
            "parameters": {
              "id": "@triggerBody()['email_2']"
            },
            "authentication": "@parameters('$authentication')"
          }
        }
      },
      "outputs": {}
    },
    "templateName": ""
  },
  "schemaVersion": "1.0.0.0"
}